Time (s),Linear Acceleration y1 (m/s^2),Linear Acceleration y2 (m/s^2),Linear Acceleration y3 (m/s^2)
2,0.007870197,-0.101935387,-0.036516666
2.005,0.016207218,-0.1051054,0.030292988
2.01,0.029054165,-0.101059914,0.010782242
2.015,0.003554821,-0.099300385,-0.025422573
2.02,0.027910233,-0.087938309,0.007353306
2.025,0.023245335,-0.074177742,0.044558525
2.03,0.034905434,-0.057976723,0.02208662
2.035,0.010632992,-0.022799492,0.002231598
2.04,0.024434566,-0.049437523,0.037299156
2.045,0.042764664,-0.03537178,0.022380352
2.05,0.044291973,-0.042823792,0.041055202
2.055,0.03632021,-0.012379646,0.045498848
2.06,0.052244663,0.003321648,0.01911211
2.065,0.072898865,0.033013344,0.040602207
2.07,0.060257435,-0.0113554,-0.006865025
2.075,0.024044514,0.051235199,0.036349297
2.08,0.09733963,0.041956902,0.019949436
2.085,0.072714329,-0.012561798,-0.012965202
2.09,0.086245537,0.049589157,0.016028881
2.095,0.080661297,0.056468964,0.004230022
2.1,0.056065083,0.05618,-0.026619434
2.105,0.093371391,0.108039856,0.006666183
2.11,0.063899994,0.095340729,-0.038901329
2.115,0.06313324,0.149228096,-0.005940437
2.12,0.100259304,0.129038811,0.000620842
2.125,0.077686787,0.132726669,-0.009586811
2.13,0.078895092,0.164903641,0.03004694
2.135,0.086961269,0.158823967,0.00059557
2.14,0.08293581,0.169498444,0.030743599
2.145,0.066892624,0.163526535,0.029875278
2.15,0.148209095,0.183716774,0.024433136
2.155,0.083927155,0.168124199,0.040543556
2.16,0.160196781,0.166935921,0.040100098
2.165,0.131345272,0.198992729,0.016057491
2.17,0.185910225,0.211755753,0.025620461
2.175,0.185470104,0.181612015,0.032893181
2.18,0.182719707,0.168211937,0.028301239
2.185,0.208552361,0.176076889,-0.02382946
2.19,0.189160347,0.162297249,0.00746727
2.195,0.21035099,0.17209816,-0.016337872
2.2,0.229055405,0.198307037,-0.018776417
2.205,0.195218563,0.198078156,-0.040486336
2.21,0.163852692,0.178757668,-0.04087925
2.215,0.187208652,0.218891144,-0.005791187
2.22,0.179402351,0.270648003,-0.02804184
2.225,0.150011539,0.277108192,-0.040548801
2.23,0.134706974,0.288468361,-0.069475651
2.235,0.164311409,0.292888641,-0.038590431
2.24,0.169505119,0.349750519,-0.033854485
2.245,0.212325573,0.442075729,-0.017062187
2.25,0.183359146,0.453245163,-0.02628994
2.255,0.235228539,0.405403137,-0.023211479
2.26,0.324633121,0.652954102,-0.038822174
2.265,0.299449444,0.716220856,-0.058783054
2.27,0.329107761,0.77745533,-0.037947655
2.275,0.313403606,0.826892853,-0.038516045
2.28,0.295289516,0.840613365,-0.08902216
2.285,0.326808453,0.785504341,-0.063161373
2.29,0.33616209,0.62475872,-0.087500095
2.295,0.249914646,0.684321404,-0.106973171
2.3,0.301718235,0.773177147,-0.097882271
2.305,0.319741249,0.82006073,-0.105614185
2.31,0.242778778,1.021849632,-0.104014397
2.315,0.316033363,0.583765984,-0.081362247
2.32,0.217280388,0.619524002,0.014439106
2.325,0.348705292,0.084048271,0.078412533
2.33,0.525291443,-0.529267311,0.14429903
2.335,0.473560333,-0.95201683,0.245703697
2.34,0.366105556,-1.317638397,0.304206371
2.345,0.359730721,-1.658176422,0.434312344
2.35,0.585388184,-1.980897903,0.566672325
2.355,0.731695652,-2.373673439,0.648989677
2.36,0.612176895,-2.787917137,0.693795204
2.365,0.501908302,-3.08017683,0.758151531
2.37,0.278759003,-3.382491589,0.853663921
2.375,0.124236584,-3.638284206,0.998962879
2.38,-0.086368084,-3.970570564,1.038423538
2.385,-0.277284145,-4.444821835,1.043979645
2.39,-0.423099995,-4.865937233,0.902311325
2.395,-0.632321358,-5.304591179,0.828832626
2.4,-0.816973686,-5.595088005,0.844257355
2.405,-1.130061626,-5.873661518,0.818947315
2.41,-1.52270937,-6.190731049,0.643261909
2.415,-1.993399143,-6.546909809,0.320893288
2.42,-2.35176754,-6.976322174,0.033243179
2.425,-2.823535442,-7.319795609,-0.324345589
2.43,-3.237250805,-7.700392246,-0.697929382
2.435,-3.624934673,-8.159711838,-0.891710758
2.44,-4.10933733,-8.738936424,-1.034971237
2.445,-4.463843822,-9.457333565,-1.189558029
2.45,-4.806602478,-10.24110317,-1.36212635
2.455,-5.190923691,-11.06203651,-1.533158302
2.46,-5.610681057,-11.95376301,-1.786233902
2.465,-5.818719387,-12.95928574,-2.152561665
2.47,-6.080550194,-13.85673904,-2.50605011
2.475,-6.40587616,-14.67863464,-2.945477962
2.48,-6.587162495,-15.55151367,-3.426315784
2.485,-6.833128452,-16.20109177,-3.92828846
2.49,-7.015116215,-16.7056427,-4.419488907
2.495,-7.198257446,-16.95056343,-4.920912266
2.5,-7.411667824,-16.68442345,-5.343811989
2.505,-7.765357971,-16.09305191,-5.848453522
2.51,-8.414054871,-15.4795208,-6.270027637
2.515,-9.234386444,-15.13411331,-6.618797302
2.52,-10.23195934,-15.3605566,-7.029375553
2.525,-11.31671524,-15.82739162,-7.34479475
2.53,-12.51852226,-16.59043121,-7.606777668
2.535,-13.74128151,-17.42760658,-7.823733807
2.54,-14.83269691,-18.83289337,-8.039777756
2.545,-15.87388992,-20.37181091,-8.274962425
2.55,-16.63652802,-21.27809525,-8.554189682
2.555,-17.32585907,-23.03006744,-8.909383774
2.56,-17.82276344,-26.31703758,-9.372099876
2.565,-17.83964157,-30.44849014,-9.990131378
2.57,-17.56322861,-34.59028244,-10.6626339
2.575,-17.01389885,-39.0250206,-11.58971977
2.58,-16.02850342,-44.57222748,-12.62417126
2.585,-15.24349213,-51.46079254,-13.75283813
2.59,-15.11305332,-58.23392487,-14.94645119
2.595,-15.59207344,-62.48425674,-16.1746006
2.6,-16.28611755,-60.98125458,-17.46489334
2.605,-17.45992851,-47.51245117,-18.45853424
2.61,-18.85755539,-41.25489044,-19.35984993
2.615,-21.63364792,-27.16049767,-19.46105766
2.62,-23.12737465,-19.1730423,-20.32521057
2.625,-26.67455864,-16.33537674,-20.43846893
2.63,-31.80262756,-18.80615997,-20.6060257
2.635,-38.63061523,-24.83721542,-19.76324844
2.64,-46.57649231,-29.24484634,-18.80672836
2.645,-55.10079956,-29.391716,-18.37502861
2.65,-63.20842361,-25.3302269,-18.63737106
2.655,-68.79862976,-19.86072922,-19.22968864
2.66,-66.19960022,-15.36128807,-19.74998474
2.665,-54.19641876,-11.99841499,-20.62840271
2.67,-45.75873947,-8.675843239,-21.6756897
2.675,-30.03509521,-5.613138199,-23.92876816
2.68,-12.78011513,-3.328167915,-27.88540649
2.685,-3.52191782,-1.711781979,-33.7375412
2.69,-4.62515974,-0.445878029,-40.57885742
2.695,-14.25829601,0.626669884,-46.91253662
2.7,-22.59843636,1.223576069,-53.42518997
2.705,-23.71143341,1.286373138,-60.61265945
2.71,-20.3927803,0.960167408,-67.18845367
2.715,-16.1630497,0.208781719,-70.38188934
2.72,-12.48545074,-0.678197384,-66.47102356
2.725,-9.29202652,-1.623286247,-50.7171402
2.73,-6.376790047,-2.462258339,-39.06296921
2.735,-3.226343632,-3.145104885,-25.2626915
2.74,-0.937101841,-3.788518906,-16.44798279
2.745,0.448858261,-4.316923618,-12.29013443
2.75,1.261893272,-4.886180878,-17.70173264
2.755,1.874732494,-5.213892937,-26.76164627
2.76,2.457158566,-5.364040852,-31.09797478
2.765,2.844379902,-5.492822647,-29.3739109
2.77,2.950648785,-5.571656227,-24.0626564
2.775,2.655222416,-5.524013519,-18.03087997
2.78,1.970160484,-5.383725643,-12.84763527
2.785,1.077649593,-5.371161461,-9.455879211
2.79,0.333683968,-5.30286932,-6.200526714
2.795,-0.46547699,-5.289891243,-2.935419798
2.8,-1.216804028,-5.328810215,-0.566221714
2.805,-1.934513092,-5.349457741,0.431441307
2.81,-2.458304882,-5.310580254,1.232851982
2.815,-2.859640598,-5.695104122,1.746712685
2.82,-3.097088337,-5.845460415,2.279651642
2.825,-3.190750599,-5.93442297,2.273118496
2.83,-3.286647797,-5.998016357,1.719319344
2.835,-3.326890945,-6.01499176,0.766481876
2.84,-3.439702511,-6.071584702,-0.264016628
2.845,-3.300826073,-6.10141468,-1.126704693
2.85,-3.401842117,-6.148622513,-1.797615051
2.855,-3.482459068,-6.26205492,-2.381135941
2.86,-3.574282169,-6.358902931,-2.952105999
2.865,-3.706692696,-6.46605587,-3.494026661
2.87,-3.820932865,-6.488425732,-3.837362289
2.875,-3.994643688,-6.60824585,-4.130196571
2.88,-4.207602501,-6.66332531,-4.433939457
2.885,-4.501856327,-6.728355885,-4.687511444
2.89,-4.735625744,-6.832477093,-4.784128666
2.895,-4.963576317,-6.84687376,-4.757925034
2.9,-5.19255352,-6.903450012,-4.779069901
2.905,-5.486987591,-7.023914337,-4.828754425
2.91,-5.739181519,-7.127070427,-4.845219612
2.915,-6.095243931,-7.172455311,-4.905753613
2.92,-6.371364594,-7.303631783,-5.035186768
2.925,-6.692578316,-7.386704922,-5.277840137
2.93,-7.033247948,-7.53674078,-5.518026352
2.935,-7.341515541,-7.636714935,-5.750517368
2.94,-7.684896469,-7.858949661,-5.905748844
2.945,-7.879778862,-8.062496185,-6.098536968
2.95,-8.043875694,-8.293182373,-6.262173653
2.955,-8.18947506,-8.558710098,-6.495107651
2.96,-8.247673988,-8.7973423,-6.716384411
2.965,-8.359808922,-9.059913635,-6.63469553
2.97,-8.392032623,-9.261194229,-7.073313236
2.975,-8.471094131,-9.498149872,-7.382339001
2.98,-8.587274551,-9.60299778,-7.715773582
2.985,-8.764331818,-9.717261314,-7.897426605
2.99,-8.880411148,-9.738879204,-7.956898212
2.995,-9.098306656,-9.633318901,-7.952573299
3,-9.329524994,-9.318966866,-8.009530067
3.005,-9.60047245,-9.111385345,-8.113796234
3.01,-9.91349411,-8.988313675,-8.17493248
3.015,-10.266222,-9.280817032,-8.207669258
3.02,-10.68721199,-9.875954628,-8.274648666
3.025,-11.19296646,-10.70423889,-8.436003685
3.03,-11.89586639,-11.48823929,-8.603631973
3.035,-12.41397858,-12.31682777,-8.739648819
3.04,-12.90249062,-13.39924049,-8.913644791
3.045,-13.37135506,-14.62533092,-9.161307335
3.05,-13.638484,-16.32529449,-9.465536118
3.055,-13.77035141,-18.4418602,-9.885720253
3.06,-13.92076397,-20.91800308,-10.27802658
3.065,-14.03381729,-23.63933754,-10.5512867
3.07,-14.20490646,-26.68549728,-11.1169405
3.075,-14.18580151,-30.49342346,-11.52925396
3.08,-14.74694824,-35.1451683,-12.0158062
3.085,-15.59382343,-40.61337662,-12.65399742
3.09,-17.30262184,-45.53436279,-13.18095589
3.095,-17.91480637,-48.1289978,-13.82104492
3.1,-19.49646187,-48.24898529,-14.57229996
3.105,-22.83172607,-42.73022842,-15.27932167
3.11,-27.57530022,-37.05106735,-16.10634995
3.115,-33.03591919,-27.98943901,-16.93050766
3.12,-38.49687958,-20.8452549,-18.09581375
3.125,-43.91181183,-16.84622765,-19.69126129
3.13,-49.95783234,-14.61992455,-21.59086227
3.135,-57.13523102,-15.91169453,-23.48563004
3.14,-63.48133087,-19.54182243,-26.38458633
3.145,-66.91769409,-21.59039879,-30.34241104
3.15,-64.15579987,-21.86034775,-35.32867432
3.155,-51.62140274,-20.73123932,-40.92762375
3.16,-38.17564011,-18.74964142,-46.85643005
3.165,-23.49368668,-16.36833572,-54.20806122
3.17,-9.887830734,-14.2151041,-63.46546173
3.175,-7.212540627,-11.50805664,-73.58460236
3.18,-12.91324234,-8.863931656,-81.52410889
3.185,-21.30008888,-6.427220821,-80.80233002
3.19,-25.71261597,-4.308596611,-57.63605881
3.195,-24.62278938,-2.686590672,-43.02253342
3.2,-20.25160217,-1.455592155,-25.18107986
3.205,-16.3312397,-0.458494663,-11.77380657
3.21,-13.65471458,0.244365692,-1.390245676
3.215,-11.00382042,0.721694469,-2.832188129
3.22,-7.218640804,0.846493244,-14.64611244
3.225,-3.407948971,0.635735989,-24.59369278
3.23,-0.858100891,0.214565754,-22.98535156
3.235,0.267848015,-0.41862011,-14.43888187
3.24,0.717323303,-1.138724804,-6.730251789
3.245,1.046247959,-1.791815758,-2.76520896
3.25,1.410778999,-2.369582653,-1.092884064
3.255,1.600547314,-2.83711195,1.656986237
3.26,1.411003113,-3.305171967,3.394687176
3.265,0.952437878,-3.733165503,4.40652895
3.27,0.402824879,-3.960287094,4.261665821
3.275,-0.228898525,-4.075792313,4.04315424
3.28,-0.813606262,-4.185164452,3.784073353
3.285,-1.41998291,-4.390795708,3.289740086
3.29,-1.942029953,-4.648106575,2.441882133
3.295,-2.560006618,-4.952827454,1.664557934
3.3,-2.726997375,-5.26677084,1.167881489
3.305,-3.261862278,-5.577997684,0.840423584
3.31,-3.534403324,-5.886638641,0.669713497
3.315,-3.790919542,-6.288542747,0.526645184
3.32,-3.949891329,-6.693115234,0.370918751
3.325,-4.015683174,-7.115252495,0.217155933
3.33,-4.001917839,-7.445811749,0.050925732
3.335,-4.151327133,-7.841544151,-0.087715626
3.34,-4.261286736,-8.146105766,-0.159378052
3.345,-4.500012875,-8.473745346,-0.194531441
3.35,-4.693606377,-8.697414398,-0.245555878
3.355,-4.888690948,-8.929571152,-0.255047798
3.36,-5.201364517,-9.065286636,-0.194383621
3.365,-5.491888523,-9.133853912,-0.159486771
3.37,-5.864718437,-9.222191811,-0.162509918
3.375,-6.096799374,-9.18063736,-0.131892204
3.38,-6.47217989,-9.175262451,-0.122954369
3.385,-6.751047611,-9.171129227,-0.233786583
3.39,-7.074155807,-9.04737854,-0.316255569
3.395,-7.376708508,-9.041724205,-0.418225288
3.4,-7.592031956,-8.99685955,-0.601948738
3.405,-7.790011406,-8.961268425,-0.805149078
3.41,-7.94748497,-8.925977707,-1.066039085
3.415,-8.110580444,-8.853164673,-1.408442974
3.42,-8.287106514,-8.85551548,-1.736558914
3.425,-8.465672493,-8.873561859,-2.09838438
3.43,-8.632435799,-8.914907455,-2.472593307
3.435,-8.742624283,-9.125570297,-2.842596054
3.44,-8.840035439,-9.386003494,-3.16791296
3.445,-8.903759003,-9.715665817,-3.34829855
3.45,-8.967862129,-10.07421017,-3.544270039
3.455,-9.008929253,-10.57905102,-3.808673382
3.46,-9.07053566,-11.21085548,-3.971927643
3.465,-9.01458931,-12.10087967,-4.161185265
3.47,-8.990095139,-12.81651688,-4.278662682
3.475,-8.964086533,-13.46511078,-4.360404491
3.48,-8.91065979,-14.07392502,-4.463914871
3.485,-8.959208488,-14.5094471,-4.601048946
3.49,-8.961447716,-14.26621819,-4.659266472
3.495,-8.98692131,-15.1315136,-4.765294075
3.5,-8.98329258,-16.01713943,-4.921401024
3.505,-9.02986908,-16.71130371,-5.179940224
3.51,-9.117578506,-17.27765274,-5.433009148
3.515,-9.23739624,-17.49236679,-5.68039608
3.52,-9.313457489,-17.99323082,-5.864654064
3.525,-9.484946251,-18.98148346,-6.012021542
3.53,-9.725866318,-20.32065392,-6.122496605
3.535,-9.986222267,-21.53426361,-6.244071007
3.54,-10.2806921,-23.57010269,-6.336249352
3.545,-10.56888771,-26.32143784,-6.494861603
3.55,-11.0161047,-29.84744835,-6.669845581
3.555,-11.48866081,-34.40349579,-6.885306835
3.56,-11.93020821,-40.04883575,-7.119698524
3.565,-12.27363777,-45.60602951,-7.425355911
3.57,-12.53923225,-51.40736008,-7.832797527
3.575,-12.56911278,-57.56570435,-8.283938408
3.58,-12.56735325,-62.69146729,-8.859262466
3.585,-12.73581696,-64.54910278,-9.536374092
3.59,-12.94923687,-62.34637833,-10.2022171
3.595,-13.41014004,-45.13906097,-10.75845909
3.6,-13.81502247,-33.00670242,-11.09039688
3.605,-14.0719986,-20.13166428,-11.49038601
3.61,-14.45956802,-12.32078743,-12.05282021
3.615,-15.30187035,-6.600457191,-12.67864799
3.62,-16.5790062,-6.008494854,-13.13383579
3.625,-18.63602829,-9.032287598,-13.39452744
3.63,-21.57999802,-13.98371887,-13.61186409
3.635,-24.85333061,-17.89810944,-13.91294003
3.64,-29.10952759,-16.77679062,-14.53529739
3.645,-33.4763298,-12.30478668,-15.02157307
3.65,-38.08169556,-8.156287193,-15.11401272
3.655,-43.87599945,-5.798252106,-15.06417465
3.66,-50.96911621,-4.200344086,-15.42518234
3.665,-57.7878685,-1.087105274,-16.45638466
3.67,-62.6853447,-1.020744801,-18.0307579
3.675,-63.17565536,0.166766644,-19.80607224
3.68,-55.1728363,1.096422672,-22.19155312
3.685,-43.10736465,1.925050735,-25.26946449
3.69,-30.39814758,2.521738529,-28.75122452
3.695,-22.0238266,2.649749279,-32.88789368
3.7,-11.10849571,2.585888863,-37.11390686
3.705,-4.603552818,2.338142872,-41.97130966
3.71,-7.653647423,1.791790009,-48.28535461
3.715,-14.77345848,1.256263733,-55.42845154
3.72,-19.57205963,0.884434223,-61.23736954
3.725,-20.38533401,0.526108265,-62.84745026
3.73,-17.91377449,0.266489029,-59.10238647
3.735,-14.60779572,0.070229053,-45.94633865
3.74,-12.01522827,-0.08313942,-26.31500435
3.745,-9.663087845,-0.363674164,-17.35307121
3.75,-7.185536385,-0.271491528,-6.926139832
3.755,-4.026171207,-0.249811649,-3.856566191
3.76,-1.632761002,-0.246128082,-8.056121826
3.765,-0.030406475,-0.26247406,-14.58021355
3.77,0.886758327,-0.257546425,-18.48525238
3.775,1.64411974,-0.302320004,-17.56703568
3.78,2.301912308,-0.254702568,-12.49652481
3.785,2.649798393,-0.223473072,-7.345133305
3.79,2.599823952,-0.099997044,-4.234652519
3.795,2.311190128,0.066053391,-2.921641111
3.8,1.925015926,0.158041,-1.092008591
3.805,1.422558784,0.291324615,0.633896351
3.81,0.945201397,0.368318558,1.728571892
3.815,0.447604179,0.480386734,2.20271492
3.82,0.049530506,0.524880409,2.517574787
3.825,-0.263286114,0.495026588,2.58873415
3.83,-0.540694714,0.429377556,2.322926044
3.835,-0.788973331,0.352125168,2.006231785
3.84,-1.040169716,0.208379745,1.722544193
3.845,-1.146695614,0.050882339,1.509478569
3.85,-1.273666859,0.008789063,1.302980423
3.855,-1.408569336,-0.111897469,1.169484138
3.86,-1.428735733,-0.177556038,1.020941257
3.865,-1.409662724,-0.198163986,0.928175449
3.87,-1.452836514,-0.279231071,0.840656281
3.875,-1.33425951,-0.363453865,0.72217989
3.88,-1.284436226,-0.443780422,0.629777908
3.885,-1.263483047,-0.568218231,0.560284138
3.89,-1.214841366,-0.528957367,0.531867981
3.895,-1.27361536,-0.520142078,0.548029423
3.9,-1.371459484,-0.489341736,0.466258049
3.905,-1.380806446,-0.436791897,0.399744034
3.91,-1.384752274,-0.458323002,0.339356899
3.915,-1.495204449,-0.489280701,0.333269596
3.92,-1.553842068,-0.45083952,0.341044903
3.925,-1.646657944,-0.467433929,0.336594582
3.93,-1.802318096,-0.462544441,0.420487881
3.935,-1.862991333,-0.326375961,0.539999485
3.94,-1.895911217,-0.262441635,0.635259151
3.945,-2.037669182,-0.292358398,0.758533955
3.95,-2.07567358,-0.239067078,0.851998329
3.955,-2.125216007,-0.246212006,0.845915794
3.96,-2.16281271,-0.227662086,0.756718636
3.965,-2.193665981,-0.221693039,0.596003056
3.97,-2.211167336,-0.185318947,0.313210487
3.975,-2.242208958,-0.204712868,0.08027792
3.98,-2.220367432,-0.196043015,-0.222908974
3.985,-2.19651413,-0.207055092,-0.436403751
3.99,-2.128121376,-0.259076118,-0.524899483
3.995,-2.034849167,-0.315979004,-0.629920959
4,-1.986372948,-0.336891174,-0.69192791
4.005,-1.908679962,-0.357557297,-0.749466419
4.01,-1.878450394,-0.346727371,-0.719069004
4.015,-1.819176674,-0.318632126,-0.679820538
4.02,-1.742882252,-0.297145844,-0.662834167
4.025,-1.695045948,-0.291841507,-0.572405815
4.03,-1.651683807,-0.302664757,-0.551953316
4.035,-1.641478539,-0.331965446,-0.512779236
4.04,-1.518447399,-0.367887497,-0.512136936
4.045,-1.411936283,-0.348312378,-0.463814735
4.05,-1.28853178,-0.388225555,-0.513614655
4.055,-1.201068878,-0.384901047,-0.517900467
4.06,-1.154340744,-0.369624138,-0.479132175
4.065,-1.059849739,-0.32344532,-0.409394264
4.07,-0.991741657,-0.31091404,-0.301659584
4.075,-0.90445137,-0.269882202,-0.249239445
4.08,-0.836204052,-0.214643478,-0.118231773
4.085,-0.765358925,-0.204935074,-0.035526276
4.09,-0.703756332,-0.207244873,-0.060864925
4.095,-0.665653229,-0.219292641,-0.024506092
4.1,-0.579194069,-0.188545227,-0.017378807
4.105,-0.492200851,-0.175032616,-0.046688557
4.11,-0.505098343,-0.197955132,-0.030958652
4.115,-0.419316292,-0.207060814,-0.056050777
4.12,-0.356931686,-0.192730904,-0.049870491
4.125,-0.372980118,-0.159640312,-0.062431812
4.13,-0.352672577,-0.157853127,-0.055150509
4.135,-0.322467804,-0.091582298,0.012723446
4.14,-0.339975357,-0.056422234,0.040801525
4.145,-0.321513176,-0.004403114,0.036352158
4.15,-0.262496948,-0.033368111,0.071228504
4.155,-0.163035393,-0.040390968,0.054523945
4.16,-0.14029026,0.020013809,0.113059044
4.165,-0.143975258,0.042630196,0.182016373
4.17,-0.097392082,0.049036026,0.211227894
4.175,-0.081790924,0.039398193,0.200464249
4.18,-0.001455307,0.08551693,0.28094101
4.185,0.035890579,0.065502167,0.244281769
4.19,0.073277473,0.046349525,0.231446743
4.195,0.117801666,0.068610191,0.194254398
4.2,0.147859573,0.081790924,0.223257065
4.205,0.129870415,0.054631233,0.251263142
4.21,0.090250969,0.044277191,0.237600327
4.215,0.110292435,0.048211098,0.189664841
4.22,0.137343407,0.080672264,0.174517155
4.225,0.111493111,0.091352463,0.23025322
4.23,0.126089096,0.092183113,0.206289291
4.235,0.142795563,0.111795425,0.217302322
4.24,0.195113182,0.114200592,0.251410484
4.245,0.220900536,0.08979702,0.186692715
4.25,0.184407234,0.091222763,0.217159271
4.255,0.205404282,0.099262238,0.189884186
4.26,0.181064606,0.159380913,0.203112125
4.265,0.118556976,0.152106285,0.225883961
4.27,0.120757103,0.168464661,0.2727561
4.275,0.123008728,0.084067345,0.195580959
4.28,0.146821976,0.092695236,0.219387054
4.285,0.139512062,0.103321075,0.14806509
4.29,0.103549957,0.154094696,0.14908886
4.295,0.11547184,0.194781303,0.090909481
4.3,0.12492466,0.211235046,0.073960781
4.305,0.105570793,0.170205116,0.105319977
4.31,0.100422859,0.141228676,0.039053917
4.315,0.080818176,0.196284294,-0.005149841
4.32,0.101708412,0.244485855,-0.055894852
4.325,0.10812664,0.285902023,-0.082132339
4.33,0.102424622,0.315795898,-0.086382389
4.335,0.130155563,0.305521011,-0.118906975
4.34,0.126649857,0.315003395,-0.081877232
4.345,0.151841164,0.274979591,-0.097414494
4.35,0.088465691,0.278384209,-0.122609615
4.355,0.092146873,0.248718262,-0.145533562
4.36,0.08143425,0.214608192,-0.19490242
4.365,0.07063961,0.173579216,-0.172660351
4.37,0.040635109,0.213460922,-0.169810295
4.375,0.060648918,0.157761574,-0.119441509
4.38,-0.015294075,0.171010017,-0.088628292
4.385,-0.031741142,0.143426895,-0.091651917
4.39,-0.041431427,0.132322311,-0.030566216
4.395,-0.056348801,0.132824898,-0.020223618
4.4,8.7738E-05,0.144815445,0.054324627
4.405,-0.01559639,0.125517845,0.044855595
4.41,-0.014719963,0.115588188,0.07833004
4.415,-0.002061844,0.09122467,0.090322495
4.42,-0.011052132,0.107214928,0.114291668
4.425,0.020518303,0.15617466,0.126283646
4.43,0.090250969,0.097748756,0.102372169
4.435,0.092951775,0.134636879,0.155088425
4.44,0.100449562,0.109417915,0.143341064
4.445,0.105557442,0.055902481,0.15826416
4.45,0.093976974,0.083602905,0.128160477
4.455,0.118379593,0.092133522,0.165537834
4.46,0.085440636,0.110132217,0.155540943
4.465,0.124411583,0.099560738,0.192405701
4.47,0.096570015,0.089152336,0.210262775
4.475,0.123991966,0.093249321,0.147397518
4.48,0.161177635,0.040577888,0.191964626
4.485,0.13876152,0.040870667,0.214802265
4.49,0.17639637,0.02005291,0.199422359
4.495,0.175909996,0.049509048,0.148487568
4.5,0.132637978,0.069482803,0.159592628
4.505,0.106300354,0.077691078,0.18467617
4.51,0.056194305,0.055250168,0.169015408
4.515,0.075497627,0.071253777,0.2054739
4.52,0.063620567,0.049464226,0.201089382
4.525,0.056409836,0.018615723,0.144267559
4.53,-0.013140678,0.01667881,0.120983124
4.535,-0.02063942,-0.001772881,0.140387535
4.54,-0.004360199,-0.024773598,0.09290266
4.545,0.009401321,-0.016771317,0.142958641
4.55,-0.022183418,-0.068183899,0.135380268
4.555,0.046086311,-0.062205315,0.11584425
4.56,-0.03830719,-0.115615845,0.14626646
4.565,0.003734589,-0.104560852,0.116945267
4.57,-0.011753082,-0.098504066,0.142359734
4.575,-0.022478104,-0.128232956,0.17939806
4.58,-0.004654884,-0.115109444,0.147283554
4.585,0.005833626,-0.109367371,0.160640717
4.59,0.021074295,-0.141802788,0.162239552
4.595,0.131223679,-0.091053963,0.175898075
4.6,0.133729935,-0.102528572,0.151580811
4.605,0.171933174,-0.099801064,0.163189411
4.61,0.200469017,-0.059239388,0.158113003
4.615,0.240753174,-0.114162445,0.157723904
4.62,0.155003548,-0.104571342,0.078895092
4.625,0.215044022,-0.083154678,0.045714378
4.63,0.182234764,-0.104592323,0.043514729
4.635,0.180799484,-0.06873703,0.041141033
4.64,0.203330994,-0.004588127,0.064552307
4.645,0.1687994,-0.045296669,0.0969491
4.65,0.163125992,-0.054652214,0.124092102
4.655,0.138491631,-0.037775993,0.105836391
4.66,0.095058441,-0.063764572,0.106740952
4.665,0.099488258,-0.025453568,0.14330101
4.67,0.103800774,-0.046831131,0.120383263
4.675,0.129444122,-0.034887314,0.116970062
4.68,0.069332123,-0.023152351,0.137641907
4.685,0.083230019,-0.011597633,0.156120777
4.69,0.037529945,-0.000275612,0.160595417
4.695,0.079910278,0.015442848,0.094244957
4.7,0.095680237,0.02839756,0.126116753
4.705,0.085058212,0.00772953,0.086808681
4.71,0.079128265,-0.001086235,0.107398987
4.715,0.104008675,-0.005280495,0.113628864
4.72,0.111978531,0.007116318,0.110281467
4.725,0.10794735,-0.023278236,0.097408295
4.73,0.087264061,0.025005341,0.072586536
4.735,0.100021362,0.075387955,0.059613705
4.74,0.093726158,0.085146904,-0.015211582
4.745,0.080526352,0.076013565,0.029105186
4.75,0.112781525,0.069581985,-0.01265192
4.755,0.080952644,0.053933144,-0.018688679
4.76,0.035425186,-0.011128426,-0.041574001
4.765,0.040450096,-0.016043663,-0.055034637
4.77,0.031424522,-0.013530731,-0.078132153
4.775,0.025090218,-0.03213501,-0.072628498
4.78,-0.009511948,-0.024336815,-0.045860767
4.785,-0.022414207,-0.047338486,-0.071444511
4.79,-0.05180645,-0.029763222,-0.01118803
4.795,-0.031145096,-0.000475883,-0.012905598
4.8,-0.051094055,-0.047369003,-0.054736614
4.805,-0.111409187,-0.017857552,-0.017746925
4.81,-0.073997498,-0.045597076,-0.047333717
4.815,-0.09879303,0.040822983,-0.043172359
4.82,-0.104607582,0.005480766,-0.029231071
4.825,-0.103495598,0.015604973,-0.017393589
4.83,-0.119253159,-0.012243271,-0.019661903
4.835,-0.146940231,-0.046868324,-0.033668041
4.84,-0.122333527,-0.062111855,-0.026141167
4.845,-0.18119812,-0.093743324,-0.080387115
4.85,-0.16836834,-0.125146866,-0.022583485
4.855,-0.162764549,-0.058980942,-0.012679577
4.86,-0.145307541,-0.071806908,-0.02179718
4.865,-0.127939224,-0.075146675,-0.085323811
4.87,-0.086968422,-0.092855453,-0.036726475
4.875,-0.105607033,-0.046425819,-0.052712917
4.88,-0.076497078,-0.116865158,-0.071137428
4.885,-0.073555946,-0.053894043,-0.058735847
4.89,0.00319767,-0.046244621,-0.044177532
4.895,0.001196861,-0.05077076,-0.010724068
4.9,0.016088486,-0.100581169,-0.034459591
4.905,0.007385254,-0.036275864,0.001430988
4.91,-0.027130127,-0.03681469,0.020481586
4.915,-0.035041809,-0.01616478,0.001348972
4.92,-0.03322506,-0.064637184,0.003669739
4.925,-0.036061287,-0.020180702,-0.003581047
4.93,-0.048337936,0.007292747,-0.032188892
4.935,-0.062923431,-0.015315056,0.022529125
4.94,-0.003874779,0.038332939,0.010297775
4.945,-0.07611084,0.070264816,0.024330616
4.95,-0.062486649,0.071195602,0.052555561
4.955,-0.115807533,0.124497414,0.118632793
4.96,-0.071689606,0.065917015,0.039362907
4.965,-0.10664463,0.105319023,0.086601257
4.97,-0.077550888,0.116042137,0.064599991
4.975,-0.060828209,0.103079796,0.045062542
4.98,-0.042087555,0.125985146,0.058916569
4.985,-0.009402275,0.115560532,0.065403938
4.99,0.101294518,0.083922386,0.048008442
4.995,0.051956177,0.035972595,0.0377388