Time (s),Linear Acceleration z1 (m/s^2),Linear Acceleration z2 (m/s^2),Linear Acceleration z3 (m/s^2)
2,0.117529392,-0.071233273,0.139186382
2.005,0.133983135,-0.095561981,0.183485508
2.01,0.167254925,-0.110394478,0.15892601
2.015,0.174429417,-0.099192619,0.077847958
2.02,0.158237457,-0.088286877,0.052111149
2.025,0.1402421,-0.101508141,-0.032761097
2.03,0.103707314,-0.06970644,0.025423527
2.035,0.103248119,-0.010024071,-0.064321041
2.04,0.074462414,0.041844368,-0.070473194
2.045,0.041232109,0.071960926,-0.100670815
2.05,0.039152145,0.135305405,-0.043027878
2.055,0.020398617,0.096416473,-0.066699505
2.06,0.020663261,0.138765335,-0.069056511
2.065,0.030286312,0.128873348,-0.026395798
2.07,0.061096668,0.133699894,-0.041176796
2.075,0.075008392,0.14343071,-0.001379013
2.08,0.102980614,0.10594511,0.026258469
2.085,0.107004166,0.102211952,0.053806782
2.09,0.103849411,0.103506088,0.052930832
2.095,0.164903641,0.126161098,0.052312851
2.1,0.149507999,0.094169617,0.05204916
2.105,0.09387064,0.071993351,0.061641693
2.11,0.126590729,0.109357357,0.021609306
2.115,0.068965912,0.084729195,0.019920826
2.12,0.128204823,0.048484325,-0.038567066
2.125,0.158650875,0.086089611,-0.001441002
2.13,0.167802334,0.052154541,0.013871193
2.135,0.169941902,0.089577675,-0.011310577
2.14,0.203164101,0.079109669,-0.007950783
2.145,0.195899963,0.068723679,-0.033363819
2.15,0.143697262,0.120154858,-0.032660961
2.155,0.151343822,0.07139492,-0.06314373
2.16,0.161324501,0.061024666,-0.053222656
2.165,0.178218365,0.129137039,-0.041269779
2.17,0.251866341,0.154045105,0.003568649
2.175,0.258337975,0.22167778,0.021822929
2.18,0.262286663,0.24160862,0.075679779
2.185,0.353881836,0.299701691,0.055644512
2.19,0.292615891,0.227177143,0.071737289
2.195,0.376512051,0.195816517,0.083254337
2.2,0.376720428,0.245587826,0.071380615
2.205,0.455446243,0.195387363,0.040960789
2.21,0.457693577,0.216946602,-0.000870705
2.215,0.512211323,0.212088108,0.007616043
2.22,0.549939156,0.240138054,-0.081391811
2.225,0.568789482,0.322239399,-0.112822056
2.23,0.523729801,0.403249741,-0.101600647
2.235,0.531781673,0.504606247,-0.152546883
2.24,0.487913609,0.61888361,-0.208163261
2.245,0.477919102,0.722193241,-0.187694073
2.25,0.449203014,0.804942131,-0.151315689
2.255,0.511006355,1.109217167,-0.198832512
2.26,0.479595661,1.293689251,-0.160879135
2.265,0.552888393,1.536934376,-0.090394497
2.27,0.646891117,1.912448406,-0.037308693
2.275,0.702212811,2.360111713,-0.043874741
2.28,0.850004673,2.668534279,0.001890659
2.285,0.930647373,3.273313522,0.047460079
2.29,0.989861965,4.439040661,0.035820007
2.295,0.906541348,5.560512066,0.095665932
2.3,0.84544611,6.650411129,0.169478416
2.305,0.865476608,7.739902496,0.205050468
2.31,1.037360668,8.408333778,0.255033493
2.315,1.327135563,8.682037354,0.283640385
2.32,1.713031292,9.032936096,0.288536549
2.325,1.931165695,9.294355392,0.333699226
2.33,2.127808094,9.461790085,0.406359673
2.335,2.36742878,9.533459663,0.446608543
2.34,2.589929581,9.021669388,0.663357735
2.345,2.828727722,8.100453377,0.846102715
2.35,3.088888168,7.217281818,1.135260105
2.355,3.325356483,6.462215424,1.453602314
2.36,3.471665382,5.897037506,1.872454643
2.365,3.636024475,5.385491371,2.248775959
2.37,3.79042244,4.887678146,2.782577038
2.375,4.047929764,4.242327213,3.547274113
2.38,4.409690857,3.400500774,4.399452686
2.385,4.80294323,2.57313776,5.445603371
2.39,5.198311806,1.645406246,6.896533012
2.395,5.468203068,0.760484457,8.464208603
2.4,5.582780838,-0.07195878,9.774765015
2.405,5.418027878,-0.703261852,10.71235275
2.41,5.016782284,-1.063023806,11.35624504
2.415,4.760896206,-1.314378262,11.56935883
2.42,4.383906841,-1.397044182,11.397789
2.425,4.099908352,-1.47293663,10.9370594
2.43,3.737873077,-1.658036709,10.16420746
2.435,3.349234104,-1.824381113,9.287846565
2.44,2.872353554,-2.014276505,8.26266861
2.445,2.355817795,-2.181442022,7.196176052
2.45,1.816370964,-2.296502113,6.212364674
2.455,1.294844627,-2.645059586,5.265594006
2.46,0.851052284,-3.010933638,4.370367527
2.465,0.854307175,-3.432726383,3.522685528
2.47,0.74659586,-3.579950809,2.64190197
2.475,0.704666615,-3.515603542,1.776693344
2.48,0.694811106,-3.230727673,1.16216135
2.485,0.628441572,-2.838053226,0.626926184
2.49,0.563067913,-2.434452057,0.167391777
2.495,0.594507456,-2.210793257,-0.272603273
2.5,0.527034044,-2.245809555,-0.598114491
2.505,0.335241318,-2.506468058,-0.88410604
2.51,-0.049478054,-2.993165493,-1.049645662
2.515,-0.643274426,-3.714614868,-1.260083437
2.52,-1.254724979,-4.367722511,-1.4078089
2.525,-1.83692956,-4.690561295,-1.530941963
2.53,-2.237806082,-4.759827137,-1.705360889
2.535,-2.431568861,-5.676730156,-1.741808653
2.54,-2.165632963,-4.145904541,-1.773633957
2.545,-1.50814414,-4.383730888,-1.678083777
2.55,-0.914626122,-4.302191734,-1.609419107
2.555,0.032655239,-4.938566685,-1.618762136
2.56,0.834354043,-4.87504673,-1.804987669
2.565,1.535614729,-3.980618477,-2.097528458
2.57,2.001792908,-2.349496365,-2.626971245
2.575,1.827035189,-0.746252656,-3.228042126
2.58,1.36345911,-0.484860063,-3.998470068
2.585,0.527186513,-1.634502292,-4.585598469
2.59,-0.462547421,-3.307869911,-4.83245945
2.595,-1.463202834,-3.47408247,-4.704541206
2.6,-2.303962231,4.827792168,-4.315125465
2.605,-3.766729832,5.313483715,-3.821100235
2.61,-2.87372303,16.54763603,-2.674834728
2.615,-2.742045641,36.67637253,-1.920593858
2.62,-3.156243563,63.06365967,-1.49496603
2.625,-3.265192986,71.37380981,-1.167687774
2.63,-1.735577106,71.26301575,-0.841323256
2.635,0.888278484,71.28559875,-1.059268832
2.64,2.675489426,63.46794891,-1.603100777
2.645,2.622558594,52.8455925,-2.397646904
2.65,0.883574247,41.55514908,-3.343078613
2.655,0.706101418,30.00898933,-3.442946434
2.66,5.733257294,18.49884796,-3.847281456
2.665,15.21450424,8.344807625,-3.852591038
2.67,23.89601898,0.87605238,-4.035006523
2.675,34.57580948,-4.576598644,-3.91165638
2.68,51.65253067,-8.234191895,-3.964027405
2.685,66.19760132,-10.10795307,-4.067594051
2.69,66.62937927,-10.11217117,-3.905913353
2.695,61.55404282,-9.512256622,-2.979878426
2.7,55.26507187,-8.431598663,-2.484961033
2.705,48.34803772,-7.090232372,-3.571476936
2.71,39.47306824,-5.573878765,-5.964822769
2.715,30.04254913,-4.18327713,-5.827906609
2.72,20.65865326,-3.029884815,2.289435863
2.725,12.24759579,-1.904195786,7.298310757
2.73,5.24785471,-0.96962738,18.54959106
2.735,0.081151009,-0.388382435,34.21527481
2.74,-3.753435373,0.096172333,54.4492836
2.745,-6.29052496,0.363641262,62.47980499
2.75,-7.410059929,0.369234562,65.402565
2.755,-7.25129509,0.03640461,64.01482391
2.76,-6.527248383,-0.540150642,60.07461929
2.765,-5.842656136,-1.256878138,53.53902817
2.77,-5.43593502,-1.922185659,44.79097748
2.775,-5.115000248,-2.544906855,34.63519287
2.78,-4.751991272,-3.07611227,22.89513969
2.785,-3.957540989,-3.542873859,12.09340858
2.79,-3.476564884,-3.97449708,3.809509754
2.795,-2.909480572,-4.20584774,-2.14978528
2.8,-2.236386776,-4.301146984,-4.847008228
2.805,-1.644066095,-4.185756207,-7.226547241
2.81,-1.18620491,-4.06658411,-6.53518486
2.815,-0.812052727,-3.903312922,-5.141314507
2.82,-0.574637413,-3.925765038,-3.491276264
2.825,-0.472828865,-3.92374897,-2.43427062
2.83,-0.470231056,-3.938043356,-1.795058727
2.835,-0.729283333,-3.773134232,-1.328959942
2.84,-0.999247551,-3.386731863,-1.029152393
2.845,-1.437567949,-2.91984272,-0.705083847
2.85,-2.089824438,-2.658354759,-0.31382513
2.855,-2.497386217,-2.423833132,0.002356052
2.86,-2.847341776,-2.279970407,0.099948406
2.865,-3.146660805,-2.187342644,0.176469326
2.87,-3.450143099,-2.075967312,0.031197548
2.875,-3.704642057,-1.823061824,-0.197399616
2.88,-3.833102703,-1.633555174,-0.510080338
2.885,-3.954038143,-1.427595854,-0.993833542
2.89,-3.986964941,-1.216557264,-1.4917624
2.895,-3.911295652,-1.009453177,-2.040837765
2.9,-3.758659601,-0.855977058,-2.696847439
2.905,-3.565229893,-0.731953382,-3.228649616
2.91,-3.263626575,-0.570185423,-3.711029291
2.915,-2.901390791,-0.432498455,-4.055841446
2.92,-2.523302555,-0.30458045,-4.286902905
2.925,-2.061700821,-0.176808596,-4.372802734
2.93,-1.692845702,-0.010739088,-4.429939747
2.935,-1.454335809,0.057504892,-4.332915783
2.94,-1.13478756,0.147562027,-4.133163929
2.945,-0.858080864,0.158810139,-3.891200066
2.95,-0.640593529,0.143797874,-3.66004467
2.955,-0.360013723,0.152343988,-3.45935154
2.96,-0.226766348,-0.071257591,-3.253682852
2.965,-0.087828398,-0.40750885,-2.990694284
2.97,-0.063145876,-0.937861562,-2.964394569
2.975,0.074487209,-1.490627527,-2.748105526
2.98,0.171923876,-1.971160293,-2.496449471
2.985,0.272365332,-2.324881077,-2.158499718
2.99,0.340190649,-2.465899229,-1.85564518
2.995,0.411582232,-2.504539013,-1.646791697
3,0.362598658,-2.526199818,-1.456734419
3.005,0.298584223,-2.780883551,-1.277300119
3.01,0.123521566,-2.897066116,-1.126980901
3.015,-0.132234335,-2.91312933,-0.93830204
3.02,-0.485996008,-2.717046976,-0.777869582
3.025,-0.904849768,-2.536500692,-0.692808509
3.03,-1.343708992,-2.350561619,-0.658657074
3.035,-1.836899877,-1.976796746,-0.679591537
3.04,-2.184473038,-1.509197593,-0.93232286
3.045,-2.690684795,-1.013775826,-1.251578927
3.05,-3.12793088,-0.619620919,-1.661713362
3.055,-3.396950245,-0.365904093,-2.239844561
3.06,-3.154033661,-0.220894337,-2.711896181
3.065,-2.502328396,-0.301421046,-3.169940233
3.07,-1.432755589,-0.30779767,-3.524691343
3.075,-0.323444724,-0.221740246,-3.923827171
3.08,0.135579944,-0.814800024,-4.418542862
3.085,1.931984067,-2.849311829,-4.866658211
3.09,2.368326902,-5.645291328,-5.219682693
3.095,2.550470352,-8.740390778,-5.19759655
3.1,2.374535322,-11.0666399,-4.631374359
3.105,2.335346699,-10.77617836,-3.383412361
3.11,2.174525261,-3.298021793,-2.004973173
3.115,2.574898481,5.09796381,-0.84782052
3.12,2.894431829,22.97364807,0.266695619
3.125,3.720178366,39.78888702,1.551358223
3.13,3.125272512,52.83190155,2.504773855
3.135,0.17989707,59.97291946,3.000134468
3.14,-4.785274506,62.71401978,3.015650749
3.145,-10.65881062,58.99343109,2.592689991
3.15,-9.301096916,52.32630539,1.97913754
3.155,-3.802164793,44.17679596,1.542545676
3.16,7.184613705,35.22065735,1.643999338
3.165,25.5810051,26.51879501,1.708992958
3.17,44.16292191,18.76468658,0.135697842
3.175,55.22849655,11.79985332,-3.927441359
3.18,61.82297897,5.955879211,-5.625463486
3.185,64.11647797,0.726529598,7.884100914
3.19,61.31173325,-3.489933491,10.15705109
3.195,53.69023132,-6.390816212,22.91084862
3.2,43.14150238,-8.125303268,42.0789032
3.205,32.44900513,-9.035658836,60.27714157
3.21,22.24809265,-9.242117882,62.02601624
3.215,13.53795147,-8.668463707,56.40155029
3.22,6.289968967,-7.591272354,47.61426163
3.225,0.987103462,-6.329366684,39.96605682
3.23,-2.770117044,-5.168026447,33.37470627
3.235,-4.513275623,-4.017694473,23.98270988
3.24,-4.623388767,-2.993048429,14.24756908
3.245,-3.597452641,-2.197859049,5.02311039
3.25,-2.58092165,-1.480892181,-1.703111053
3.255,-1.738339186,-0.885417938,-4.671134949
3.26,-1.13155365,-0.331434727,-6.393876076
3.265,-0.755538464,-0.06591177,-5.521306515
3.27,-0.52133131,0.066905975,-2.071043491
3.275,-0.511082649,0.095350266,1.257743359
3.28,-0.414400578,0.040047169,3.357361317
3.285,-0.460905552,-0.179704666,3.998280048
3.29,-0.5110569,-0.596879482,3.668550491
3.295,-0.356116295,-1.000978947,3.058905602
3.3,-0.566497326,-1.385128021,2.170147419
3.305,-0.663424492,-1.783060312,1.130328178
3.31,-0.584225178,-2.240375519,-0.011326313
3.315,-0.579164505,-2.659081221,-1.096556425
3.32,-0.654389381,-3.070273399,-1.96522212
3.325,-0.80659914,-3.25375247,-2.787086964
3.33,-1.118789673,-3.340759754,-3.370272398
3.335,-1.377728701,-3.349815369,-3.802381039
3.34,-1.666902781,-3.32347703,-4.134624004
3.345,-1.945523024,-3.354370117,-4.376873493
3.35,-2.107903481,-3.310005665,-4.636490345
3.355,-2.332697153,-3.220184326,-4.759784222
3.36,-2.494483471,-3.040110111,-4.800863743
3.365,-2.572980881,-2.844278336,-4.808788776
3.37,-2.703225136,-2.534490585,-4.782320023
3.375,-2.821783543,-2.241836548,-4.786631584
3.38,-2.951319218,-1.984653473,-4.673900127
3.385,-3.045100212,-1.680461764,-4.578147888
3.39,-2.974933624,-1.411841989,-4.363421917
3.395,-2.741357803,-1.168311119,-4.199608326
3.4,-2.469153881,-0.960937023,-3.964646578
3.405,-2.20346427,-0.841408491,-3.775525331
3.41,-1.972711325,-0.761013985,-3.500464439
3.415,-1.812424064,-0.69285965,-3.328327656
3.42,-1.719761968,-0.68449235,-2.988204479
3.425,-1.529313564,-0.618625641,-2.697162628
3.43,-1.475195289,-0.535895586,-2.452354908
3.435,-1.33462739,-0.620088816,-2.303561211
3.44,-1.195768595,-0.712919474,-2.121242523
3.445,-1.122697592,-0.936154842,-1.943297148
3.45,-0.962168097,-1.067398071,-1.687821865
3.455,-0.809801817,-1.231273651,-1.342473507
3.46,-0.629655838,-1.628595233,-1.035703897
3.465,-0.385735989,-1.960534334,-0.766536474
3.47,-0.221504688,-2.013283253,-0.543864965
3.475,-0.143992186,-1.829760075,-0.436343431
3.48,-0.004678488,-1.237103224,-0.398119926
3.485,-0.095118284,-0.271289349,-0.469739437
3.49,-0.054105997,0.668214798,-0.498291254
3.495,-0.05910635,1.614613771,-0.519778252
3.5,0.037945986,2.511613131,-0.608489513
3.505,0.141149759,3.863809824,-0.668856144
3.51,0.348806381,4.89287281,-0.655753374
3.515,0.457997918,4.896397591,-0.626743078
3.52,0.572137833,4.207100391,-0.639559507
3.525,0.634399414,3.143219471,-0.591755152
3.53,0.585601568,2.28678894,-0.545833349
3.535,0.404708862,1.43294239,-0.485156536
3.54,0.149303913,0.825518608,-0.410071135
3.545,-0.049138665,0.429784298,-0.342306137
3.55,-0.186020732,0.332333922,-0.286855698
3.555,-0.397751451,0.167313814,-0.243892431
3.56,-0.619632483,0.256176829,-0.289851665
3.565,-0.724601388,-0.014215708,-0.292899609
3.57,-0.688102961,-1.04278636,-0.375139475
3.575,-0.745722294,-2.878247499,-0.575265169
3.58,-0.80660224,-5.799020767,-0.886399269
3.585,-0.754000366,-8.421611786,-1.115120173
3.59,-0.46373868,-0.777737856,-1.467423677
3.595,-0.160141706,-0.67918992,-1.807174563
3.6,0.368601441,2.4325881,-2.244983435
3.605,0.604857564,9.921725273,-2.676774979
3.61,0.726882219,26.9555397,-3.104412556
3.615,0.756921291,46.46171188,-3.385752201
3.62,0.673342347,51.01804352,-3.811361313
3.625,0.455378652,47.84401321,-4.121296406
3.63,0.606244028,40.77216339,-4.289246082
3.635,0.536260545,34.79661179,-4.112672806
3.64,0.412038743,31.32566071,-3.437515259
3.645,1.112112403,25.74272537,-2.267385721
3.65,1.782303333,18.27781296,-1.048164606
3.655,1.718331218,10.72158623,-0.145529032
3.66,-0.00315392,5.163467407,0.463049889
3.665,-2.821439266,-0.614978075,0.85018158
3.67,-6.319204807,-4.065734386,0.797566891
3.675,-9.425354004,-6.346678257,0.242665768
3.68,-5.111397266,-8.652477264,-0.391272068
3.685,-0.196352482,-8.74140358,-1.098218441
3.69,7.547502995,-7.172219276,-1.71075511
3.695,24.54010201,-5.329557896,-2.178300142
3.7,37.75701141,-3.416912079,-2.475182533
3.705,44.98708725,-1.729835272,-3.379718065
3.71,49.13758469,-0.51156354,-4.676909924
3.715,48.81172943,1.055196285,-5.987365723
3.72,45.92076111,0.720429897,-5.874911785
3.725,39.28134537,0.838815212,-2.868400574
3.73,31.02526855,1.286026001,2.209626675
3.735,23.68853378,1.068703651,15.25829887
3.74,17.24938202,0.464857101,22.76987457
3.745,11.9070034,0.513881683,38.67705536
3.75,7.196928024,0.487093449,49.05693054
3.755,3.452201366,0.307130337,47.80332565
3.76,0.351318359,-0.008136749,44.70389938
3.765,-1.815359831,-0.242433548,39.36266327
3.77,-2.649623394,-0.629584312,34.41405487
3.775,-2.450376749,-1.073285341,29.00241852
3.78,-1.784212589,-1.583043337,22.89237595
3.785,-1.059532166,-1.952968597,16.13602638
3.79,-0.546348572,-2.216059923,9.024557114
3.795,-0.111549377,-2.43147707,3.050571918
3.8,0.113328457,-2.612665176,-0.923523664
3.805,0.334693432,-2.73473382,-3.24698925
3.81,0.412792683,-2.834708929,-3.732719421
3.815,0.505449772,-2.884701967,-2.665296555
3.82,0.658886433,-2.890455246,-0.864109039
3.825,0.736553192,-2.854894638,1.144402504
3.83,0.90514946,-2.766568184,2.532615662
3.835,0.909368515,-2.639918327,3.320902824
3.84,0.914436817,-2.479746103,3.563955307
3.845,0.850164413,-2.254885197,3.351847649
3.85,0.528776169,-2.029573202,2.875266552
3.855,0.22402668,-1.700380802,2.172503948
3.86,-0.236088753,-1.474924803,1.335644722
3.865,-0.600236893,-1.438799143,0.40601778
3.87,-1.050351143,-1.498334646,-0.485136032
3.875,-1.509836197,-1.459601879,-1.245426655
3.88,-2.002480745,-1.33910346,-1.952354193
3.885,-2.468401194,-1.176996946,-2.468007803
3.89,-2.907241821,-0.970331907,-2.775669575
3.895,-3.240117073,-0.874075174,-3.056545258
3.9,-3.447345018,-0.772926092,-3.173143864
3.905,-3.683720589,-0.755151749,-3.267859221
3.91,-3.821385384,-0.713113546,-3.406639099
3.915,-3.950068712,-0.842761755,-3.597940683
3.92,-3.970161915,-0.943045139,-3.8334167
3.925,-3.987526417,-0.86812377,-3.994729519
3.93,-3.945186138,-0.890604496,-4.204866886
3.935,-3.893593788,-0.854809999,-4.251914501
3.94,-3.808810949,-0.829885483,-4.191428661
3.945,-3.642861366,-0.808688641,-4.026023865
3.95,-3.584488869,-0.757645845,-3.748328686
3.955,-3.413209915,-0.695884466,-3.319457769
3.96,-3.30573988,-0.661717176,-2.994244337
3.965,-3.139341354,-0.583283424,-2.563234806
3.97,-2.963502645,-0.558595657,-2.245459795
3.975,-2.717669487,-0.542273521,-1.932079077
3.98,-2.520539761,-0.606190205,-1.610415936
3.985,-2.392737389,-0.602255106,-1.334462643
3.99,-2.1635921,-0.583546638,-1.050944328
3.995,-2.050339699,-0.603112936,-0.785666466
4,-2.011980295,-0.589472532,-0.655474663
4.005,-1.950238705,-0.607480764,-0.439885616
4.01,-1.903382063,-0.535390377,-0.344526768
4.015,-1.864269733,-0.581416845,-0.318972111
4.02,-1.880771637,-0.554050922,-0.339300632
4.025,-1.938636303,-0.539493084,-0.341302395
4.03,-1.942224979,-0.585591555,-0.323039055
4.035,-1.884653091,-0.550987244,-0.306408405
4.04,-1.823210478,-0.514639854,-0.293953896
4.045,-1.707537889,-0.407003403,-0.321666718
4.05,-1.587510824,-0.328341961,-0.348911762
4.055,-1.501296997,-0.283213139,-0.385359287
4.06,-1.441605806,-0.292843342,-0.452633381
4.065,-1.367831945,-0.3118186,-0.450357437
4.07,-1.339967012,-0.280217648,-0.512787342
4.075,-1.307878017,-0.329733372,-0.48929739
4.08,-1.295689821,-0.290641308,-0.430220604
4.085,-1.25579834,-0.203697205,-0.397646904
4.09,-1.200381756,-0.073515892,-0.331367493
4.095,-1.105746746,0.049806118,-0.279078007
4.1,-1.034264088,0.094949245,-0.324096203
4.105,-0.997932196,0.165019989,-0.373054028
4.11,-0.912997246,0.135685444,-0.454895496
4.115,-0.832104683,0.12173748,-0.476761818
4.12,-0.704868555,0.017681122,-0.539439201
4.125,-0.612411022,-0.006909847,-0.497272015
4.13,-0.480312824,-0.016891003,-0.472443581
4.135,-0.353628159,0.008970737,-0.512858868
4.14,-0.237022638,-0.065901756,-0.5324049
4.145,-0.249672413,-0.07445097,-0.533587933
4.15,-0.199951172,-0.076569557,-0.533171177
4.155,-0.186043262,-0.06528616,-0.545516968
4.16,-0.234072924,-0.095740318,-0.570541859
4.165,-0.303595066,-0.10571003,-0.429254532
4.17,-0.339799643,-0.117002487,-0.229300499
4.175,-0.39538002,-0.151236534,-0.073255062
4.18,-0.307605028,-0.129723549,0.055954933
4.185,-0.236759424,-0.090729237,0.204130173
4.19,-0.110924959,-0.003032207,0.30950737
4.195,-0.095046759,0.073947906,0.463418007
4.2,0.012076855,0.166889668,0.548883438
4.205,0.059563637,0.168752193,0.55415678
4.21,0.08103466,0.235304356,0.48156023
4.215,0.119542599,0.189711571,0.484195709
4.22,0.19209671,0.235490799,0.490439892
4.225,0.202904701,0.255437851,0.476195335
4.23,0.235725403,0.273592949,0.449009895
4.235,0.19957304,0.297338009,0.382567883
4.24,0.163724899,0.336335182,0.291250229
4.245,0.111289501,0.311628819,0.177304745
4.25,0.058758259,0.240113735,0.071516991
4.255,0.051448345,0.25808382,-0.026339531
4.26,0.046404362,0.233660221,-0.099823475
4.265,-0.013783455,0.281514645,-0.163638592
4.27,0.028817177,0.24619627,-0.218050957
4.275,0.001953125,0.273736954,-0.244202614
4.28,0.042093277,0.313952446,-0.235277653
4.285,0.010420322,0.316811562,-0.172263622
4.29,0.081625938,0.260838032,-0.158164978
4.295,0.069217205,0.188761711,-0.161776543
4.3,0.162233353,0.128909111,-0.113811016
4.305,0.174127579,0.030756474,-0.014304638
4.31,0.114483356,-0.075068951,-0.042690754
4.315,0.174850941,-0.140871048,0.030622959
4.32,0.146924019,-0.157225132,-0.023903847
4.325,0.140920162,-0.14814949,0.059459209
4.33,0.135094166,-0.199809074,0.041538715
4.335,0.10563755,-0.198225975,0.142857075
4.34,0.092971325,-0.147581577,0.102851391
4.345,0.106744289,-0.076671124,0.161180496
4.35,0.043895721,-0.006780148,0.186360836
4.355,0.100751877,0.029110432,0.164135933
4.36,0.088378906,0.067147255,0.192635059
4.365,0.202933311,0.135977268,0.176235199
4.37,0.269951344,0.154884815,0.186788082
4.375,0.280021667,0.176688194,0.238724232
4.38,0.333785057,0.168133736,0.207618237
4.385,0.302159309,0.241065502,0.194171429
4.39,0.319200993,0.221431255,0.164874554
4.395,0.222150803,0.271492481,0.069335461
4.4,0.183150291,0.259982586,0.038872719
4.405,0.130186081,0.196856976,-0.027323246
4.41,0.139729023,0.184634209,-0.009963512
4.415,0.151814938,0.191922665,-0.019128799
4.42,0.101885319,0.180473328,0.005074501
4.425,0.059313297,0.159931183,-0.013792992
4.43,0.014432907,0.144614697,-0.037522316
4.435,0.058121681,0.153309822,-0.063761234
4.44,0.013318062,0.100245476,-0.176411152
4.445,-0.007577419,0.068865776,-0.203342438
4.45,-0.02381134,0.042366028,-0.18067503
4.455,-0.01141119,0.01833868,-0.165940762
4.46,-0.027888775,-0.029386997,-0.098538399
4.465,-0.058951855,-0.057872772,-0.053538799
4.47,-0.092725754,-0.081720352,-0.013901234
4.475,-0.117265701,-0.122495174,0.034847736
4.48,-0.12302494,-0.123188019,-0.002280235
4.485,-0.155520439,-0.169569016,0.017953873
4.49,-0.154850006,-0.156750202,0.061834335
4.495,-0.118822098,-0.177811146,0.09835434
4.5,-0.154882431,-0.182599545,0.17033577
4.505,-0.138554573,-0.159367561,0.163553715
4.51,-0.098393917,-0.153458118,0.2140975
4.515,-0.027107239,-0.098351479,0.148086548
4.52,0.020375252,-0.067955017,0.194500446
4.525,0.017875671,-0.057162762,0.152939796
4.53,0.003767967,-0.022920609,0.173843384
4.535,0.018613815,-0.027042389,0.166436195
4.54,0.002552986,-0.009661198,0.180729389
4.545,0.022320271,0.031318188,0.152457714
4.55,0.061177254,0.02451992,0.150669575
4.555,0.052537441,0.086633682,0.115665436
4.56,0.09165144,0.108025551,0.085808277
4.565,0.085734367,0.108187675,0.09186554
4.57,0.023130894,0.144227028,0.085868359
4.575,0.008624077,0.125684738,0.096343517
4.58,-0.031688213,0.09812355,0.028050423
4.585,-0.121629715,0.097244263,0.064284325
4.59,-0.101671696,0.122867107,0.095057011
4.595,-0.074923038,0.108094692,0.130046368
4.6,-0.081802368,0.122217178,0.117061615
4.605,-0.107887745,0.136489868,0.161157608
4.61,-0.157710552,0.09403801,0.126779556
4.615,-0.159892082,0.052061558,0.142859459
4.62,-0.153065681,-0.00149107,0.159149647
4.625,-0.187156916,0.014132023,0.213698387
4.63,-0.204837322,-0.034762383,0.180439472
4.635,-0.144463062,-0.038379192,0.188481808
4.64,-0.094318867,-0.004269123,0.1708951
4.645,-0.059014797,-0.022954464,0.122998714
4.65,-0.021602154,-0.027256966,0.051920414
4.655,0.063009262,-0.021971703,0.031303883
4.66,0.051919937,-0.030862808,-0.039093971
4.665,0.012602806,-0.023009777,-0.035614491
4.67,0.054336071,-0.022206306,-0.106294155
4.675,0.031767845,0.021472454,-0.110432625
4.68,0.030949593,0.045907497,-0.105571747
4.685,0.094534397,0.067991257,-0.2010355
4.69,0.150815487,0.05475378,-0.134886742
4.695,0.128631115,0.099081516,-0.129141331
4.7,0.083238602,0.105584621,-0.159525394
4.705,0.086052418,0.01268959,-0.090261936
4.71,0.032100677,0.027838707,-0.08335638
4.715,0.069005489,-0.028255939,-0.005255222
4.72,-0.012969971,-0.064989567,0.000998497
4.725,-0.003901482,-0.077831268,0.014554501
4.73,-0.063821316,-0.119321346,0.071018219
4.735,-0.111473083,-0.151282787,0.105976105
4.74,-0.099731922,-0.21184206,0.043589592
4.745,-0.100462914,-0.220133781,0.110304832
4.75,-0.146893978,-0.250141621,0.086671352
4.755,-0.108063221,-0.249594688,0.118310452
4.76,-0.103435516,-0.173476696,0.09553194
4.765,-0.073213577,-0.209965706,0.044886112
4.77,-0.048476219,-0.234722614,0.006717682
4.775,-0.029033661,-0.147873878,-0.066578865
4.78,0.035271168,-0.097605228,-0.065746784
4.785,0.07525301,-0.090594769,-0.119701385
4.79,0.065146923,-0.069461346,-0.152151108
4.795,0.102761745,-0.07002306,-0.146609783
4.8,0.116676331,-0.039885044,-0.124624252
4.805,0.10935688,-0.078856468,-0.148151398
4.81,0.133303165,-0.06522131,-0.174177647
4.815,0.159865379,-0.042249203,-0.193260193
4.82,0.101231098,-0.059917927,-0.131996155
4.825,0.121931553,-0.068161488,-0.107213497
4.83,0.119116306,-0.017269135,-0.033029079
4.835,0.045448303,-0.024030685,-0.028497696
4.84,0.010728359,0.016498089,-0.069290161
4.845,0.007198811,0.068623543,-0.069540501
4.85,-0.050917149,0.127500057,-0.074722767
4.855,-0.039758682,0.148139954,-0.051548481
4.86,-0.00268364,0.157053471,-0.01454401
4.865,-0.030017376,0.114049911,0.055381775
4.87,-0.071514606,0.104933739,0.067911625
4.875,-0.055882454,0.153227806,0.007080555
4.88,-0.133316517,0.118326664,0.001748085
4.885,-0.110837936,0.179078579,-0.041259289
4.89,-0.153095245,0.151964664,-0.09327364
4.895,-0.186000586,0.237091541,-0.040326595
4.9,-0.162202835,0.205697536,-0.030526161
4.905,-0.139101028,0.108519554,0.005245209
4.91,-0.111887455,0.145473003,0.057411671
4.915,-0.063925266,0.139601231,0.078399658
4.92,-0.045139313,0.060281277,0.082677364
4.925,0.006592274,0.021910191,0.082280159
4.93,0.084024906,0.012269497,0.039177895
4.935,0.122938633,0.000111103,0.062947273
4.94,0.180882454,0.004458904,-0.003746033
4.945,0.193590641,-0.034224987,0.003547192
4.95,0.209216595,-0.058667183,0.001015186
4.955,0.215862274,-0.087979317,0.017357826
4.96,0.235013962,-0.072262764,0.000205994
4.965,0.20008564,-0.11868,-0.00496006
4.97,0.165985584,-0.067641735,0.023275375
4.975,0.097040653,-0.052911282,0.018075466
4.98,0.07885313,-0.017106056,0.029768467
4.985,0.025382996,-0.031570911,0.086686611
4.99,-0.034635544,0.013383389,0.110207558
4.995,-0.072853565,0.005727291,0.143400192